,,,Total: NS-SeC,1.1 Large employers and higher managerial and administrative occupations,1.2 Higher professional occupations,"2. Lower managerial, administrative and professional occupations",3. Intermediate occupations,4. Small employers and own account workers,5. Lower supervisory and technical occupations,6. Semi-routine occupations,7. Routine occupations,L14.1 Never worked,L14.2 Long-term unemployed,L15 Full-time students
Total: Sex,Total: Age,Total: All usual residents aged 20 or over,"40,300,181","1,001,348","3,319,048","8,802,385","5,543,694","3,996,202","2,999,094","5,940,236","4,825,214","1,675,081","657,976","1,539,903"
,,No Qualifications,"9,296,000","65,878","66,164","650,736","903,146","990,027","753,809","2,139,352","2,364,083","1,121,189","174,715","66,901"
,,Level 1 qualifications,"5,126,576","79,924","126,119","784,268","962,665","567,019","403,244","1,054,005","744,274","161,436","144,101","99,521"
,,Level 2 qualifications,"5,530,824","105,167","192,971","1,038,213","1,235,868","571,506","448,448","1,008,981","545,333","92,374","114,068","177,895"
,,Apprenticeship,"1,464,331","36,224","46,025","187,459","99,042","335,254","326,397","175,039","227,551","5,890","16,919","8,531"
,,Level 3 qualifications,"4,742,744","111,752","228,815","1,020,982","866,885","467,836","464,063","573,392","284,882","49,504","60,718","613,915"
,,Level 4 qualifications and above,"11,725,163","569,304","2,589,277","4,803,585","1,184,320","737,130","354,656","572,955","242,584","92,710","107,870","470,772"
,,Other qualifications,"2,414,543","33,099","69,677","317,142","291,768","327,430","248,477","416,512","416,507","151,978","39,585","102,368"
,Age 20 to 24,Total: Highest level of qualification,"3,595,321","17,763","106,975","439,419","432,319","124,019","239,991","578,973","372,619","215,776","75,483","991,984"
,,No Qualifications,"295,281",498,923,"9,997","12,480","14,540","13,778","56,103","61,151","88,154","16,485","21,172"
,,Level 1 qualifications,"505,794","1,762","3,606","40,342","57,986","23,214","37,321","129,238","91,068","47,025","22,658","51,574"
,,Level 2 qualifications,"653,416","2,806","7,112","71,777","104,235","25,907","52,782","147,475","80,704","28,361","16,022","116,235"
,,Apprenticeship,"94,698",318,931,"7,034","11,338","10,340","22,543","14,602","20,929","1,193","1,702","3,768"
,,Level 3 qualifications,"1,062,306","3,999","11,488","95,979","120,523","24,205","69,953","120,298","57,102","18,139","8,157","532,463"
,,Level 4 qualifications and above,"818,477","7,943","81,708","205,667","117,745","16,354","32,855","87,244","33,027","17,016","7,945","210,973"
,,Other qualifications,"165,349",437,"1,207","8,623","8,012","9,459","10,759","24,013","28,638","15,888","2,514","55,799"
,Age 25 to 29,Total: Highest level of qualification,"3,650,881","54,302","346,597","867,611","524,451","228,810","272,328","504,199","358,155","171,843","87,037","235,548"
,,No Qualifications,"325,662",819,"1,707","14,657","14,422","24,816","19,241","64,061","73,799","83,229","19,875","9,036"
,,Level 1 qualifications,"451,134","3,060","6,734","55,371","61,937","34,374","40,786","105,297","80,127","26,157","22,841","14,450"
,,Level 2 qualifications,"557,804","5,639","14,454","97,349","109,914","42,253","54,903","113,653","66,764","12,889","17,493","22,493"
,,Apprenticeship,"56,410",334,896,"5,748","5,674","10,850","12,589","7,285","10,464",407,"1,203",960
,,Level 3 qualifications,"562,035","8,031","21,949","130,241","119,986","42,825","67,804","78,410","40,287","6,759","8,465","37,278"
,,Level 4 qualifications and above,"1,445,997","34,677","293,639","537,451","194,993","47,321","51,832","90,518","35,343","17,800","12,614","129,809"
,,Other qualifications,"251,839","1,742","7,218","26,794","17,525","26,371","25,173","44,975","51,371","24,602","4,546","21,522"
,Age 30 to 34,Total: Highest level of qualification,"3,509,221","88,747","431,923","926,380","458,818","291,738","241,158","417,826","312,622","154,343","79,466","106,200"
,,No Qualifications,"319,437","1,054","1,972","15,226","13,494","31,237","20,944","60,107","70,934","79,619","18,109","6,741"
,,Level 1 qualifications,"404,770","4,394","9,030","57,069","55,842","42,216","37,050","84,182","68,055","20,805","17,785","8,342"
,,Level 2 qualifications,"519,822","7,706","18,802","97,989","99,881","51,927","49,547","95,575","60,028","10,573","15,908","11,886"
,,Apprenticeship,"38,294",451,974,"4,602","2,779","9,288","8,197","4,414","6,034",336,794,425
,,Level 3 qualifications,"507,479","10,972","28,541","130,560","106,844","50,860","54,742","63,079","32,457","5,505","8,387","15,532"
,,Level 4 qualifications and above,"1,462,331","61,407","360,995","587,916","160,097","70,778","45,092","67,651","28,098","13,761","13,034","53,502"
,,Other qualifications,"257,088","2,763","11,609","33,018","19,881","35,432","25,586","42,818","47,016","23,744","5,449","9,772"
,Age 35 to 39,Total: Highest level of qualification,"3,549,116","109,468","416,145","926,876","456,947","356,749","241,203","423,212","325,548","142,694","81,419","68,855"
,,No Qualifications,"375,157","1,641","2,404","20,193","16,248","42,466","25,782","71,323","86,754","82,436","19,604","6,306"
,,Level 1 qualifications,"509,048","7,562","14,303","80,382","82,683","58,659","43,685","99,733","78,928","17,776","17,935","7,402"
,,Level 2 qualifications,"555,876","10,524","22,501","108,941","110,662","63,593","49,764","97,035","59,432","8,963","15,359","9,102"
,,Apprenticeship,"59,988","1,212","1,814","7,591","3,901","15,836","12,813","6,382","8,661",292,"1,020",466
,,Level 3 qualifications,"454,566","12,025","27,336","115,288","92,462","54,827","47,028","55,157","27,782","4,527","7,676","10,458"
,,Level 4 qualifications and above,"1,370,933","73,593","338,047","565,286","133,870","86,661","39,905","56,644","23,928","9,703","14,123","29,173"
,,Other qualifications,"223,548","2,911","9,740","29,195","17,121","34,707","22,226","36,938","40,063","18,997","5,702","5,948"
,Age 40 to 44,Total: Highest level of qualification,"3,885,934","128,044","389,127","965,520","523,313","447,567","269,895","498,026","389,237","132,799","88,449","53,957"
,,No Qualifications,"469,499","2,632","3,202","27,399","21,383","59,961","32,521","92,907","114,799","85,901","22,942","5,852"
,,Level 1 qualifications,"741,072","13,285","21,816","121,816","127,935","95,221","62,754","143,630","111,169","14,767","21,081","7,598"
,,Level 2 qualifications,"670,326","15,280","29,077","137,005","141,847","81,229","56,721","113,392","65,376","7,079","15,649","7,671"
,,Apprenticeship,"90,387","2,273","3,024","12,222","5,609","27,330","16,996","8,900","11,795",309,"1,308",621
,,Level 3 qualifications,"455,653","13,989","27,911","118,591","94,135","59,033","43,258","54,364","25,582","3,335","7,304","8,151"
,,Level 4 qualifications and above,"1,256,846","77,656","296,806","522,557","116,362","91,358","37,348","50,337","22,689","6,875","14,552","20,306"
,,Other qualifications,"202,151","2,929","7,291","25,930","16,042","33,435","20,297","34,496","37,827","14,533","5,613","3,758"
,Age 45 to 49,Total: Highest level of qualification,"3,879,815","134,642","354,141","943,455","523,534","467,119","277,026","535,153","414,399","113,125","81,047","36,174"
,,No Qualifications,"545,198","3,373","3,452","33,763","26,371","73,643","39,187","115,213","142,849","79,956","22,962","4,429"
,,Level 1 qualifications,"741,330","13,477","18,680","118,864","132,286","97,316","61,786","152,809","112,061","10,446","18,352","5,253"
,,Level 2 qualifications,"643,501","15,196","25,269","129,407","142,418","78,479","52,343","116,238","61,191","5,007","12,765","5,188"
,,Apprenticeship,"132,994","4,078","5,155","19,195","8,500","36,607","26,311","13,896","16,522",252,"1,801",677
,,Level 3 qualifications,"446,024","14,919","27,282","115,402","91,862","59,594","43,248","54,983","24,586","2,451","6,591","5,106"
,,Level 4 qualifications and above,"1,189,717","80,896","268,957","504,012","107,770","91,170","35,171","48,658","21,206","4,824","13,823","13,230"
,,Other qualifications,"181,051","2,703","5,346","22,812","14,327","30,310","18,980","33,356","35,984","10,189","4,753","2,291"
,Age 50 to 54,Total: Highest level of qualification,"3,400,095","111,406","295,307","798,022","459,605","415,365","248,501","500,460","396,287","89,493","67,036","18,613"
,,No Qualifications,"622,916","4,107","4,138","40,568","39,120","82,303","46,879","143,117","171,685","66,701","21,293","3,005"
,,Level 1 qualifications,"556,187","9,925","14,735","89,988","112,513","70,975","43,322","115,884","78,319","6,031","12,110","2,385"
,,Level 2 qualifications,"510,345","11,674","20,011","99,187","117,477","61,755","39,753","97,611","47,909","3,075","9,614","2,279"
,,Apprenticeship,"155,505","4,440","5,599","20,915","10,147","39,052","31,764","18,183","22,163",226,"2,518",498
,,Level 3 qualifications,"374,785","13,138","23,396","93,665","75,014","51,192","38,889","47,798","22,022","1,669","5,644","2,358"
,,Level 4 qualifications and above,"1,003,415","65,570","223,229","431,643","88,765","81,238","29,076","43,381","18,341","3,537","11,801","6,834"
,,Other qualifications,"176,942","2,552","4,199","22,056","16,569","28,850","18,818","34,486","35,848","8,254","4,056","1,254"
,Age 55 to 59,Total: Highest level of qualification,"2,996,992","87,826","250,264","676,718","412,999","368,608","214,999","466,299","377,283","75,297","57,935","8,764"
,,No Qualifications,"737,648","5,438","5,262","50,993","61,408","95,205","54,002","180,888","203,447","58,489","20,565","1,951"
,,Level 1 qualifications,"367,137","7,273","10,872","61,891","88,502","45,574","24,362","72,962","43,592","3,700","7,514",895
,,Level 2 qualifications,"393,536","8,834","14,920","74,029","95,462","47,808","28,660","77,385","36,018","2,112","7,304","1,004"
,,Apprenticeship,"164,163","4,438","5,817","20,716","11,325","38,682","34,059","20,988","24,524",226,"3,060",328
,,Level 3 qualifications,"291,751","9,873","18,292","70,448","57,142","41,021","31,489","38,053","18,370","1,201","4,901",961
,,Level 4 qualifications and above,"857,024","49,230","191,024","374,368","75,721","71,914","22,957","38,877","16,472","2,919","10,569","2,973"
,,Other qualifications,"185,733","2,740","4,077","24,273","23,439","28,404","19,470","37,146","34,860","6,650","4,022",652
,Age 60 to 64,Total: Highest level of qualification,"3,172,277","84,787","236,135","669,903","454,585","399,741","229,573","529,091","453,536","78,658","30,633","5,635"
,,No Qualifications,"1,026,332","8,643","7,682","75,670","103,809","129,848","77,955","263,834","285,108","62,107","9,857","1,819"
,,Level 1 qualifications,"336,899","7,393","10,602","59,488","91,282","41,031","19,795","64,355","36,090","3,319","3,020",524
,,Level 2 qualifications,"356,147","8,580","13,499","68,223","96,024","42,741","23,680","66,899","30,608","2,146","3,123",624
,,Apprenticeship,"194,344","5,063","6,202","24,031","12,233","48,299","38,771","24,662","31,527",366,"2,921",269
,,Level 3 qualifications,"242,330","8,726","15,770","58,469","45,476","35,635","26,598","30,093","17,020","1,208","2,880",455
,,Level 4 qualifications and above,"798,236","42,719","177,526","352,679","69,810","70,492","20,284","36,381","16,881","3,241","6,683","1,540"
,,Other qualifications,"217,989","3,663","4,854","31,343","35,951","31,695","22,490","42,867","36,302","6,271","2,149",404
,Age 65 to 69,Total: Highest level of qualification,"2,508,154","63,000","166,793","493,322","354,867","314,105","200,372","432,198","396,837","77,028","5,535","4,097"
,,No Qualifications,"1,038,543","9,018","7,869","78,864","113,077","126,011","87,358","264,497","286,575","62,156","1,567","1,551"
,,Level 1 qualifications,"227,180","5,384","7,246","42,995","63,966","28,086","13,478","40,955","21,240","2,912",508,410
,,Level 2 qualifications,"234,680","6,266","9,261","49,963","68,399","28,956","14,645","37,214","16,788","2,154",505,529
,,Apprenticeship,"161,397","4,514","5,083","20,520","9,418","38,175","35,934","20,278","26,471",469,357,178
,,Level 3 qualifications,"142,598","6,151","10,305","36,160","25,191","21,578","16,506","15,406","9,391","1,065",477,368
,,Level 4 qualifications and above,"530,607","28,437","122,917","238,081","42,667","46,192","13,735","22,401","10,850","2,858","1,672",797
,,Other qualifications,"173,149","3,230","4,112","26,739","32,149","25,107","18,716","31,447","25,522","5,414",449,264
,Age 70 to 74,Total: Highest level of qualification,"2,044,129","44,621","120,319","378,819","286,746","230,434","181,994","359,376","350,708","85,952","2,130","3,030"
,,No Qualifications,"1,021,876","8,170","7,493","77,129","119,111","106,914","93,705","256,572","278,643","72,079",674,"1,386"
,,Level 1 qualifications,"148,745","3,476","4,615","29,398","44,420","17,326","9,362","24,770","12,451","2,532",162,233
,,Level 2 qualifications,"151,881","4,125","6,327","34,317","47,118","18,582","9,706","19,903","9,241","2,149",176,237
,,Apprenticeship,"130,476","3,605","4,288","17,305","7,230","28,252","32,829","15,331","20,824",548,137,127
,,Level 3 qualifications,"86,222","4,174","6,816","22,537","14,463","12,916","11,101","7,620","5,243",934,141,277
,,Level 4 qualifications and above,"374,693","18,714","87,677","177,531","27,938","28,792","9,843","13,593","6,802","2,622",654,527
,,Other qualifications,"130,236","2,357","3,103","20,602","26,466","17,652","15,448","21,587","17,504","5,088",186,243
,Age 75 or over,Total: Highest level of qualification,"4,108,246","76,742","205,322","716,340","655,510","351,947","382,054","695,423","677,983","338,073","1,806","7,046"
,,No Qualifications,"2,518,451","20,485","20,060","206,277","362,223","203,083","242,457","570,730","588,339","300,362",782,"3,653"
,,Level 1 qualifications,"137,280","2,933","3,880","26,664","43,313","13,027","9,543","20,190","11,174","5,966",135,455
,,Level 2 qualifications,"283,490","8,537","11,738","70,026","102,431","28,276","15,944","26,601","11,274","7,866",150,647
,,Apprenticeship,"185,675","5,498","6,242","27,580","10,888","32,543","53,591","20,118","27,637","1,266",98,214
,,Level 3 qualifications,"116,995","5,755","9,729","33,642","23,787","14,150","13,447","8,131","5,040","2,711",95,508
,,Level 4 qualifications and above,"616,887","28,462","146,752","306,394","48,582","34,860","16,558","17,270","8,947","7,554",400,"1,108"
,,Other qualifications,"249,468","5,072","6,921","45,757","64,286","26,008","30,514","32,383","25,572","12,348",146,461
Males,Total: Age,Total: Highest level of qualification,"19,566,077","658,755","2,204,627","4,020,860","1,381,409","2,786,326","2,116,495","2,148,122","2,646,767","471,259","374,323","757,134"
,,No Qualifications,"4,016,356","45,286","45,580","312,388","166,751","710,873","481,572","701,349","1,106,015","303,452","110,590","32,500"
,,Level 1 qualifications,"2,386,058","50,117","83,240","389,617","206,078","394,861","268,234","375,799","439,521","53,139","76,021","49,431"
,,Level 2 qualifications,"2,393,435","62,048","121,436","477,998","250,609","369,706","294,620","320,487","324,219","31,630","57,773","82,909"
,,Apprenticeship,"1,275,449","34,868","44,033","167,379","68,911","300,079","307,282","136,101","192,221","3,675","14,784","6,116"
,,Level 3 qualifications,"2,403,129","74,548","160,033","519,273","228,849","324,888","350,052","212,518","186,064","19,382","33,876","293,646"
,,Level 4 qualifications and above,"5,834,283","369,809","1,705,657","1,995,501","395,392","450,307","234,990","216,967","141,929","28,619","57,885","237,227"
,,Other qualifications,"1,257,367","22,079","44,648","158,704","64,819","235,612","179,745","184,901","256,798","31,362","23,394","55,305"
,Age 20 to 24,Total: Highest level of qualification,"1,810,404","10,758","64,532","205,071","155,272","92,632","169,037","253,889","223,478","98,076","43,205","494,454"
,,No Qualifications,"158,908",353,598,"5,513","5,029","11,445","9,692","26,084","37,221","40,001","10,806","12,166"
,,Level 1 qualifications,"279,415","1,160","2,351","22,508","22,768","19,561","26,595","61,453","59,878","21,696","12,814","28,631"
,,Level 2 qualifications,"324,924","1,668","4,400","37,937","36,122","19,974","35,849","61,419","47,818","13,610","8,126","58,001"
,,Apprenticeship,"68,527",235,730,"4,682","5,067","8,816","20,108","9,391","15,189",773,"1,107","2,429"
,,Level 3 qualifications,"516,979","2,306","7,348","46,794","39,064","16,938","50,488","48,698","31,989","9,430","4,362","259,562"
,,Level 4 qualifications and above,"378,168","4,768","48,437","83,387","43,969","9,967","19,387","35,034","16,404","8,388","4,461","103,966"
,,Other qualifications,"83,483",268,668,"4,250","3,253","5,931","6,918","11,810","14,979","4,178","1,529","29,699"
,Age 25 to 29,Total: Highest level of qualification,"1,820,536","30,520","198,701","393,557","182,759","164,914","190,003","215,449","215,180","56,515","47,759","125,179"
,,No Qualifications,"168,457",526,"1,134","7,939","5,073","19,810","13,745","29,143","43,102","30,721","12,612","4,652"
,,Level 1 qualifications,"243,840","1,912","4,424","30,861","21,749","28,110","29,163","47,319","51,260","8,737","12,762","7,543"
,,Level 2 qualifications,"274,762","3,258","8,905","50,201","34,252","31,240","37,793","44,532","40,655","4,662","8,573","10,691"
,,Apprenticeship,"43,293",273,721,"3,914","2,904","9,400","10,998","5,101","8,194",246,892,650
,,Level 3 qualifications,"281,344","4,407","13,955","64,097","38,286","30,073","50,399","30,227","24,647","2,650","4,249","18,354"
,,Level 4 qualifications and above,"679,843","19,114","165,543","223,498","74,740","28,653","30,933","36,781","18,386","5,285","6,256","70,654"
,,Other qualifications,"128,997","1,030","4,019","13,047","5,755","17,628","16,972","22,346","28,936","4,214","2,415","12,635"
,Age 30 to 34,Total: Highest level of qualification,"1,754,903","49,104","253,367","424,735","144,964","206,024","174,221","176,733","189,947","44,409","41,244","50,155"
,,No Qualifications,"166,175",739,"1,366","8,652","4,497","25,293","15,796","27,862","41,689","26,426","11,092","2,763"
,,Level 1 qualifications,"216,040","2,940","6,059","32,236","17,493","33,156","27,053","36,285","42,297","5,614","9,399","3,508"
,,Level 2 qualifications,"255,427","4,464","11,995","50,641","27,699","37,335","35,321","36,227","36,305","3,288","7,624","4,528"
,,Apprenticeship,"31,803",408,838,"3,645","1,732","8,177","7,501","3,408","4,975",188,649,282
,,Level 3 qualifications,"249,011","6,208","18,413","65,139","29,143","34,451","40,994","23,053","19,915","1,701","4,017","5,977"
,,Level 4 qualifications and above,"695,136","32,686","207,621","246,938","57,796","42,095","28,647","27,058","15,700","3,054","5,675","27,866"
,,Other qualifications,"141,311","1,659","7,075","17,484","6,604","25,517","18,909","22,840","29,066","4,138","2,788","5,231"
,Age 35 to 39,Total: Highest level of qualification,"1,765,582","64,272","255,574","429,598","121,541","245,971","175,871","166,058","195,569","42,338","40,532","28,258"
,,No Qualifications,"196,423","1,175","1,711","11,484","5,122","34,749","19,201","31,714","50,133","27,450","11,278","2,406"
,,Level 1 qualifications,"249,094","4,736","9,497","42,646","19,310","42,696","30,683","37,190","46,541","4,728","8,448","2,619"
,,Level 2 qualifications,"253,933","6,124","13,909","53,194","23,904","42,482","34,438","32,183","35,037","2,656","7,045","2,961"
,,Apprenticeship,"51,850","1,123","1,681","6,670","2,699","13,948","11,958","5,140","7,297",173,827,334
,,Level 3 qualifications,"220,756","7,311","17,999","57,453","21,344","36,280","35,502","19,041","17,484","1,415","3,673","3,254"
,,Level 4 qualifications and above,"665,799","41,884","204,688","242,072","43,491","49,803","26,833","21,193","13,786","2,252","6,071","13,726"
,,Other qualifications,"127,727","1,919","6,089","16,079","5,671","26,013","17,256","19,597","25,291","3,664","3,190","2,958"
,Age 40 to 44,Total: Highest level of qualification,"1,923,441","79,488","247,257","446,467","121,077","310,379","191,983","183,640","234,277","42,483","45,277","21,113"
,,No Qualifications,"248,281","1,883","2,289","15,322","6,026","48,890","23,301","39,610","65,366","29,911","13,294","2,389"
,,Level 1 qualifications,"353,127","8,456","14,237","61,023","26,134","67,884","42,802","50,449","65,474","4,067","9,879","2,722"
,,Level 2 qualifications,"291,977","8,773","17,677","63,119","26,323","52,912","37,449","34,273","39,130","2,239","7,544","2,538"
,,Apprenticeship,"76,086","2,155","2,842","10,584","3,562","23,097","15,834","6,606","9,708",183,"1,044",471
,,Level 3 qualifications,"214,752","8,826","18,543","56,905","19,168","38,791","31,222","17,365","16,774","1,062","3,667","2,429"
,,Level 4 qualifications and above,"622,115","47,407","187,003","225,056","34,628","53,142","25,673","18,170","13,683","1,975","6,643","8,735"
,,Other qualifications,"117,103","1,988","4,666","14,458","5,236","25,663","15,702","17,167","24,142","3,046","3,206","1,829"
,Age 45 to 49,Total: Highest level of qualification,"1,919,758","85,270","231,353","426,204","115,958","327,806","195,945","190,006","249,855","37,683","44,743","14,935"
,,No Qualifications,"285,252","2,408","2,359","17,803","6,913","59,080","26,780","46,614","79,256","28,326","13,787","1,926"
,,Level 1 qualifications,"339,941","8,196","11,611","56,404","24,606","68,391","40,393","50,192","65,819","2,991","9,219","2,119"
,,Level 2 qualifications,"264,843","8,548","14,867","55,170","23,709","50,533","33,167","31,985","37,018","1,585","6,392","1,869"
,,Apprenticeship,"117,484","3,950","4,934","17,382","6,164","32,300","25,069","11,023","14,349",156,"1,601",556
,,Level 3 qualifications,"215,454","9,637","18,550","55,805","19,014","40,091","31,589","17,473","17,003",833,"3,736","1,723"
,,Level 4 qualifications and above,"591,800","50,631","175,502","211,036","31,263","54,207","24,655","16,968","13,345","1,445","7,205","5,543"
,,Other qualifications,"104,984","1,900","3,530","12,604","4,289","23,204","14,292","15,751","23,065","2,347","2,803","1,199"
,Age 50 to 54,Total: Highest level of qualification,"1,687,729","72,535","201,127","357,013","102,922","292,097","176,268","175,232","233,841","26,937","41,038","8,719"
,,No Qualifications,"306,362","2,777","2,739","19,528","8,597","62,790","30,430","53,666","89,850","20,895","13,606","1,484"
,,Level 1 qualifications,"238,759","5,907","9,283","40,571","19,880","47,580","27,087","35,257","43,997","1,603","6,518","1,076"
,,Level 2 qualifications,"203,793","6,394","12,082","41,528","19,105","38,819","24,722","25,217","28,847",855,"5,279",945
,,Apprenticeship,"140,219","4,306","5,439","19,254","7,862","35,413","30,497","14,767","19,750",144,"2,347",440
,,Level 3 qualifications,"191,884","8,898","16,686","46,645","16,909","35,876","29,369","16,148","16,172",544,"3,662",975
,,Level 4 qualifications and above,"508,055","42,513","152,120","178,001","26,231","50,230","20,403","15,150","12,124","1,057","7,099","3,127"
,,Other qualifications,"98,657","1,740","2,778","11,486","4,338","21,389","13,760","15,027","23,101","1,839","2,527",672
,Age 55 to 59,Total: Highest level of qualification,"1,481,745","59,026","177,142","302,766","93,111","256,843","152,792","160,344","216,880","19,854","38,408","4,579"
,,No Qualifications,"335,887","3,449","3,331","23,018","10,926","68,940","33,291","60,744","101,530","15,867","13,760","1,031"
,,Level 1 qualifications,"148,079","4,179","7,080","27,998","15,308","28,786","14,542","20,636","24,027",884,"4,179",460
,,Level 2 qualifications,"154,003","4,905","9,396","30,484","15,389","29,383","17,692","19,636","21,805",507,"4,348",458
,,Apprenticeship,"147,396","4,289","5,659","18,937","8,944","35,124","32,684","16,881","21,564",137,"2,892",285
,,Level 3 qualifications,"157,502","6,871","13,485","36,563","14,508","29,303","24,641","13,798","14,032",342,"3,490",469
,,Level 4 qualifications and above,"441,950","33,611","135,538","154,234","23,188","44,987","15,967","13,941","11,114",792,"7,071","1,507"
,,Other qualifications,"96,928","1,722","2,653","11,532","4,848","20,320","13,975","14,708","22,808","1,325","2,668",369
,Age 60 to 64,Total: Highest level of qualification,"1,557,140","60,548","177,828","308,759","96,926","279,080","160,253","174,877","251,133","19,227","25,459","3,050"
,,No Qualifications,"445,598","5,551","5,045","34,503","17,583","91,967","47,041","81,875","137,212","15,546","8,341",934
,,Level 1 qualifications,"127,619","4,384","7,196","27,056","14,628","24,469","11,002","16,361","19,259",689,"2,300",275
,,Level 2 qualifications,"131,575","4,819","8,787","27,633","13,780","24,980","14,113","16,000","18,366",425,"2,372",300
,,Apprenticeship,"171,218","4,872","5,987","21,770","9,136","43,328","36,617","19,212","27,013",189,"2,854",240
,,Level 3 qualifications,"139,845","6,478","12,242","32,302","12,378","26,344","21,292","12,384","13,379",334,"2,477",235
,,Level 4 qualifications and above,"434,440","32,164","135,509","151,011","23,162","45,606","14,411","13,897","11,634",818,"5,390",838
,,Other qualifications,"106,845","2,280","3,062","14,484","6,259","22,386","15,777","15,148","24,270","1,226","1,725",228
,Age 65 to 69,Total: Highest level of qualification,"1,217,965","48,240","132,141","231,362","72,133","220,316","140,981","140,506","208,021","18,082","3,964","2,219"
,,No Qualifications,"442,229","6,046","5,493","37,235","19,186","89,187","54,257","79,553","134,912","14,463","1,109",788
,,Level 1 qualifications,"85,481","3,561","5,179","20,654","10,235","16,558","7,607","9,820","10,745",621,309,192
,,Level 2 qualifications,"84,115","3,841","6,271","20,790","9,249","16,057","8,707","8,740","9,487",410,291,272
,,Apprenticeship,"141,823","4,373","4,918","18,675","6,910","34,260","33,783","15,894","22,192",320,347,151
,,Level 3 qualifications,"87,356","4,919","8,519","21,605","7,416","16,188","13,730","6,912","7,190",288,367,222
,,Level 4 qualifications and above,"294,510","23,390","98,982","100,111","14,075","30,260","9,652","8,521","7,054",775,"1,229",461
,,Other qualifications,"82,451","2,110","2,779","12,292","5,062","17,806","13,245","11,066","16,441","1,205",312,133
,Age 70 to 74,Total: Highest level of qualification,"967,953","35,812","98,320","175,130","56,485","163,015","129,897","116,736","170,907","18,571","1,542","1,538"
,,No Qualifications,"413,899","5,592","5,230","35,212","19,408","74,142","59,266","76,448","122,738","14,797",444,622
,,Level 1 qualifications,"56,287","2,470","3,423","14,663","7,234","10,284","5,584","6,020","5,881",519,108,101
,,Level 2 qualifications,"54,772","2,799","4,446","14,650","6,317","10,395","5,952","4,646","4,913",447,93,114
,,Apprenticeship,"119,502","3,533","4,209","16,240","5,779","26,385","31,456","12,900","18,371",389,132,108
,,Level 3 qualifications,"56,924","3,608","5,884","14,697","4,705","10,063","9,566","3,764","4,070",259,117,191
,,Level 4 qualifications and above,"204,863","16,194","72,915","70,066","8,822","19,105","6,998","4,913","4,209",839,518,284
,,Other qualifications,"61,706","1,616","2,213","9,602","4,220","12,641","11,075","8,045","10,725","1,321",130,118
,Age 75 or over,Total: Highest level of qualification,"1,658,921","63,182","167,285","320,198","118,261","227,249","259,244","194,652","257,679","47,084","1,152","2,935"
,,No Qualifications,"848,885","14,787","14,285","96,179","58,391","124,580","148,772","148,036","203,006","39,049",461,"1,339"
,,Level 1 qualifications,"48,376","2,216","2,900","12,997","6,733","7,386","5,723","4,817","4,343",990,86,185
,,Level 2 qualifications,"99,311","6,455","8,701","32,651","14,760","15,596","9,417","5,629","4,838",946,86,232
,,Apprenticeship,"166,248","5,351","6,075","25,626","8,152","29,831","50,777","15,778","23,619",777,92,170
,,Level 3 qualifications,"71,322","5,079","8,409","21,268","6,914","10,490","11,260","3,655","3,409",524,59,255
,,Level 4 qualifications and above,"317,604","25,447","121,799","110,091","14,027","22,252","11,431","5,341","4,490","1,939",267,520
,,Other qualifications,"107,175","3,847","5,116","21,386","9,284","17,114","21,864","11,396","13,974","2,859",101,234
Females,Total: Age,Total: Highest level of qualification,"20,734,104","342,593","1,114,421","4,781,525","4,162,285","1,209,876","882,599","3,792,114","2,178,447","1,203,822","283,653","782,769"
,,No Qualifications,"5,279,644","20,592","20,584","338,348","736,395","279,154","272,237","1,438,003","1,258,068","817,737","64,125","34,401"
,,Level 1 qualifications,"2,740,518","29,807","42,879","394,651","756,587","172,158","135,010","678,206","304,753","108,297","68,080","50,090"
,,Level 2 qualifications,"3,137,389","43,119","71,535","560,215","985,259","201,800","153,828","688,494","221,114","60,744","56,295","94,986"
,,Apprenticeship,"188,882","1,356","1,992","20,080","30,131","35,175","19,115","38,938","35,330","2,215","2,135","2,415"
,,Level 3 qualifications,"2,339,615","37,204","68,782","501,709","638,036","142,948","114,011","360,874","98,818","30,122","26,842","320,269"
,,Level 4 qualifications and above,"5,890,880","199,495","883,620","2,808,084","788,928","286,823","119,666","355,988","100,655","64,091","49,985","233,545"
,,Other qualifications,"1,157,176","11,020","25,029","158,438","226,949","91,818","68,732","231,611","159,709","120,616","16,191","47,063"
,Age 20 to 24,Total: Highest level of qualification,"1,784,917","7,005","42,443","234,348","277,047","31,387","70,954","325,084","149,141","117,700","32,278","497,530"
,,No Qualifications,"136,373",145,325,"4,484","7,451","3,095","4,086","30,019","23,930","48,153","5,679","9,006"
,,Level 1 qualifications,"226,379",602,"1,255","17,834","35,218","3,653","10,726","67,785","31,190","25,329","9,844","22,943"
,,Level 2 qualifications,"328,492","1,138","2,712","33,840","68,113","5,933","16,933","86,056","32,886","14,751","7,896","58,234"
,,Apprenticeship,"26,171",83,201,"2,352","6,271","1,524","2,435","5,211","5,740",420,595,"1,339"
,,Level 3 qualifications,"545,327","1,693","4,140","49,185","81,459","7,267","19,465","71,600","25,113","8,709","3,795","272,901"
,,Level 4 qualifications and above,"440,309","3,175","33,271","122,280","73,776","6,387","13,468","52,210","16,623","8,628","3,484","107,007"
,,Other qualifications,"81,866",169,539,"4,373","4,759","3,528","3,841","12,203","13,659","11,710",985,"26,100"
,Age 25 to 29,Total: Highest level of qualification,"1,830,345","23,782","147,896","474,054","341,692","63,896","82,325","288,750","142,975","115,328","39,278","110,369"
,,No Qualifications,"157,205",293,573,"6,718","9,349","5,006","5,496","34,918","30,697","52,508","7,263","4,384"
,,Level 1 qualifications,"207,294","1,148","2,310","24,510","40,188","6,264","11,623","57,978","28,867","17,420","10,079","6,907"
,,Level 2 qualifications,"283,042","2,381","5,549","47,148","75,662","11,013","17,110","69,121","26,109","8,227","8,920","11,802"
,,Apprenticeship,"13,117",61,175,"1,834","2,770","1,450","1,591","2,184","2,270",161,311,310
,,Level 3 qualifications,"280,691","3,624","7,994","66,144","81,700","12,752","17,405","48,183","15,640","4,109","4,216","18,924"
,,Level 4 qualifications and above,"766,154","15,563","128,096","313,953","120,253","18,668","20,899","53,737","16,957","12,515","6,358","59,155"
,,Other qualifications,"122,842",712,"3,199","13,747","11,770","8,743","8,201","22,629","22,435","20,388","2,131","8,887"
,Age 30 to 34,Total: Highest level of qualification,"1,754,318","39,643","178,556","501,645","313,854","85,714","66,937","241,093","122,675","109,934","38,222","56,045"
,,No Qualifications,"153,262",315,606,"6,574","8,997","5,944","5,148","32,245","29,245","53,193","7,017","3,978"
,,Level 1 qualifications,"188,730","1,454","2,971","24,833","38,349","9,060","9,997","47,897","25,758","15,191","8,386","4,834"
,,Level 2 qualifications,"264,395","3,242","6,807","47,348","72,182","14,592","14,226","59,348","23,723","7,285","8,284","7,358"
,,Apprenticeship,"6,491",43,136,957,"1,047","1,111",696,"1,006","1,059",148,145,143
,,Level 3 qualifications,"258,468","4,764","10,128","65,421","77,701","16,409","13,748","40,026","12,542","3,804","4,370","9,555"
,,Level 4 qualifications and above,"767,195","28,721","153,374","340,978","102,301","28,683","16,445","40,593","12,398","10,707","7,359","25,636"
,,Other qualifications,"115,777","1,104","4,534","15,534","13,277","9,915","6,677","19,978","17,950","19,606","2,661","4,541"
,Age 35 to 39,Total: Highest level of qualification,"1,783,534","45,196","160,571","497,278","335,406","110,778","65,332","257,154","129,979","100,356","40,887","40,597"
,,No Qualifications,"178,734",466,693,"8,709","11,126","7,717","6,581","39,609","36,621","54,986","8,326","3,900"
,,Level 1 qualifications,"259,954","2,826","4,806","37,736","63,373","15,963","13,002","62,543","32,387","13,048","9,487","4,783"
,,Level 2 qualifications,"301,943","4,400","8,592","55,747","86,758","21,111","15,326","64,852","24,395","6,307","8,314","6,141"
,,Apprenticeship,"8,138",89,133,921,"1,202","1,888",855,"1,242","1,364",119,193,132
,,Level 3 qualifications,"233,810","4,714","9,337","57,835","71,118","18,547","11,526","36,116","10,298","3,112","4,003","7,204"
,,Level 4 qualifications and above,"705,134","31,709","133,359","323,214","90,379","36,858","13,072","35,451","10,142","7,451","8,052","15,447"
,,Other qualifications,"95,821",992,"3,651","13,116","11,450","8,694","4,970","17,341","14,772","15,333","2,512","2,990"
,Age 40 to 44,Total: Highest level of qualification,"1,962,493","48,556","141,870","519,053","402,236","137,188","77,912","314,386","154,960","90,316","43,172","32,844"
,,No Qualifications,"221,218",749,913,"12,077","15,357","11,071","9,220","53,297","49,433","55,990","9,648","3,463"
,,Level 1 qualifications,"387,945","4,829","7,579","60,793","101,801","27,337","19,952","93,181","45,695","10,700","11,202","4,876"
,,Level 2 qualifications,"378,349","6,507","11,400","73,886","115,524","28,317","19,272","79,119","26,246","4,840","8,105","5,133"
,,Apprenticeship,"14,301",118,182,"1,638","2,047","4,233","1,162","2,294","2,087",126,264,150
,,Level 3 qualifications,"240,901","5,163","9,368","61,686","74,967","20,242","12,036","36,999","8,808","2,273","3,637","5,722"
,,Level 4 qualifications and above,"634,731","30,249","109,803","297,501","81,734","38,216","11,675","32,167","9,006","4,900","7,909","11,571"
,,Other qualifications,"85,048",941,"2,625","11,472","10,806","7,772","4,595","17,329","13,685","11,487","2,407","1,929"
,Age 45 to 49,Total: Highest level of qualification,"1,960,057","49,372","122,788","517,251","407,576","139,313","81,081","345,147","164,544","75,442","36,304","21,239"
,,No Qualifications,"259,946",965,"1,093","15,960","19,458","14,563","12,407","68,599","63,593","51,630","9,175","2,503"
,,Level 1 qualifications,"401,389","5,281","7,069","62,460","107,680","28,925","21,393","102,617","46,242","7,455","9,133","3,134"
,,Level 2 qualifications,"378,658","6,648","10,402","74,237","118,709","27,946","19,176","84,253","24,173","3,422","6,373","3,319"
,,Apprenticeship,"15,510",128,221,"1,813","2,336","4,307","1,242","2,873","2,173",96,200,121
,,Level 3 qualifications,"230,570","5,282","8,732","59,597","72,848","19,503","11,659","37,510","7,583","1,618","2,855","3,383"
,,Level 4 qualifications and above,"597,917","30,265","93,455","292,976","76,507","36,963","10,516","31,690","7,861","3,379","6,618","7,687"
,,Other qualifications,"76,067",803,"1,816","10,208","10,038","7,106","4,688","17,605","12,919","7,842","1,950","1,092"
,Age 50 to 54,Total: Highest level of qualification,"1,712,366","38,871","94,180","441,009","356,683","123,268","72,233","325,228","162,446","62,556","25,998","9,894"
,,No Qualifications,"316,554","1,330","1,399","21,040","30,523","19,513","16,449","89,451","81,835","45,806","7,687","1,521"
,,Level 1 qualifications,"317,428","4,018","5,452","49,417","92,633","23,395","16,235","80,627","34,322","4,428","5,592","1,309"
,,Level 2 qualifications,"306,552","5,280","7,929","57,659","98,372","22,936","15,031","72,394","19,062","2,220","4,335","1,334"
,,Apprenticeship,"15,286",134,160,"1,661","2,285","3,639","1,267","3,416","2,413",82,171,58
,,Level 3 qualifications,"182,901","4,240","6,710","47,020","58,105","15,316","9,520","31,650","5,850","1,125","1,982","1,383"
,,Level 4 qualifications and above,"495,360","23,057","71,109","253,642","62,534","31,008","8,673","28,231","6,217","2,480","4,702","3,707"
,,Other qualifications,"78,285",812,"1,421","10,570","12,231","7,461","5,058","19,459","12,747","6,415","1,529",582
,Age 55 to 59,Total: Highest level of qualification,"1,515,247","28,800","73,122","373,952","319,888","111,765","62,207","305,955","160,403","55,443","19,527","4,185"
,,No Qualifications,"401,761","1,989","1,931","27,975","50,482","26,265","20,711","120,144","101,917","42,622","6,805",920
,,Level 1 qualifications,"219,058","3,094","3,792","33,893","73,194","16,788","9,820","52,326","19,565","2,816","3,335",435
,,Level 2 qualifications,"239,533","3,929","5,524","43,545","80,073","18,425","10,968","57,749","14,213","1,605","2,956",546
,,Apprenticeship,"16,767",149,158,"1,779","2,381","3,558","1,375","4,107","2,960",89,168,43
,,Level 3 qualifications,"134,249","3,002","4,807","33,885","42,634","11,718","6,848","24,255","4,338",859,"1,411",492
,,Level 4 qualifications and above,"415,074","15,619","55,486","220,134","52,533","26,927","6,990","24,936","5,358","2,127","3,498","1,466"
,,Other qualifications,"88,805","1,018","1,424","12,741","18,591","8,084","5,495","22,438","12,052","5,325","1,354",283
,Age 60 to 64,Total: Highest level of qualification,"1,615,137","24,239","58,307","361,144","357,659","120,661","69,320","354,214","202,403","59,431","5,174","2,585"
,,No Qualifications,"580,734","3,092","2,637","41,167","86,226","37,881","30,914","181,959","147,896","46,561","1,516",885
,,Level 1 qualifications,"209,280","3,009","3,406","32,432","76,654","16,562","8,793","47,994","16,831","2,630",720,249
,,Level 2 qualifications,"224,572","3,761","4,712","40,590","82,244","17,761","9,567","50,899","12,242","1,721",751,324
,,Apprenticeship,"23,126",191,215,"2,261","3,097","4,971","2,154","5,450","4,514",177,67,29
,,Level 3 qualifications,"102,485","2,248","3,528","26,167","33,098","9,291","5,306","17,709","3,641",874,403,220
,,Level 4 qualifications and above,"363,796","10,555","42,017","201,668","46,648","24,886","5,873","22,484","5,247","2,423","1,293",702
,,Other qualifications,"111,144","1,383","1,792","16,859","29,692","9,309","6,713","27,719","12,032","5,045",424,176
,Age 65 to 69,Total: Highest level of qualification,"1,290,189","14,760","34,652","261,960","282,734","93,789","59,391","291,692","188,816","58,946","1,571","1,878"
,,No Qualifications,"596,314","2,972","2,376","41,629","93,891","36,824","33,101","184,944","151,663","47,693",458,763
,,Level 1 qualifications,"141,699","1,823","2,067","22,341","53,731","11,528","5,871","31,135","10,495","2,291",199,218
,,Level 2 qualifications,"150,565","2,425","2,990","29,173","59,150","12,899","5,938","28,474","7,301","1,744",214,257
,,Apprenticeship,"19,574",141,165,"1,845","2,508","3,915","2,151","4,384","4,279",149,10,27
,,Level 3 qualifications,"55,242","1,232","1,786","14,555","17,775","5,390","2,776","8,494","2,201",777,110,146
,,Level 4 qualifications and above,"236,097","5,047","23,935","137,970","28,592","15,932","4,083","13,880","3,796","2,083",443,336
,,Other qualifications,"90,698","1,120","1,333","14,447","27,087","7,301","5,471","20,381","9,081","4,209",137,131
,Age 70 to 74,Total: Highest level of qualification,"1,076,176","8,809","21,999","203,689","230,261","67,419","52,097","242,640","179,801","67,381",588,"1,492"
,,No Qualifications,"607,977","2,578","2,263","41,917","99,703","32,772","34,439","180,124","155,905","57,282",230,764
,,Level 1 qualifications,"92,458","1,006","1,192","14,735","37,186","7,042","3,778","18,750","6,570","2,013",54,132
,,Level 2 qualifications,"97,109","1,326","1,881","19,667","40,801","8,187","3,754","15,257","4,328","1,702",83,123
,,Apprenticeship,"10,974",72,79,"1,065","1,451","1,867","1,373","2,431","2,453",159,5,19
,,Level 3 qualifications,"29,298",566,932,"7,840","9,758","2,853","1,535","3,856","1,173",675,24,86
,,Level 4 qualifications and above,"169,830","2,520","14,762","107,465","19,116","9,687","2,845","8,680","2,593","1,783",136,243
,,Other qualifications,"68,530",741,890,"11,000","22,246","5,011","4,373","13,542","6,779","3,767",56,125
,Age 75 or over,Total: Highest level of qualification,"2,449,325","13,560","38,037","396,142","537,249","124,698","122,810","500,771","420,304","290,989",654,"4,111"
,,No Qualifications,"1,669,566","5,698","5,775","110,098","303,832","78,503","93,685","422,694","385,333","261,313",321,"2,314"
,,Level 1 qualifications,"88,904",717,980,"13,667","36,580","5,641","3,820","15,373","6,831","4,976",49,270
,,Level 2 qualifications,"184,179","2,082","3,037","37,375","87,671","12,680","6,527","20,972","6,436","6,920",64,415
,,Apprenticeship,"19,427",147,167,"1,954","2,736","2,712","2,814","4,340","4,018",489,6,44
,,Level 3 qualifications,"45,673",676,"1,320","12,374","16,873","3,660","2,187","4,476","1,631","2,187",36,253
,,Level 4 qualifications and above,"299,283","3,015","24,953","196,303","34,555","12,608","5,127","11,929","4,457","5,615",133,588
,,Other qualifications,"142,293","1,225","1,805","24,371","55,002","8,894","8,650","20,987","11,598","9,489",45,227
,,,,,,,,,,,,,,
Created 22 June 2015,,,,,,,,,,,,,,
,,,,,,,,,,,,,,
Advisory note:,,,,,,,,,,,,,,
"1. ‘Highest level of qualification' has been split into four levels, plus categories for ‘Apprenticeship’ ‘Other' and ‘None’: No qualifications; Level 1: 1-4 O Levels/CSE/GCSEs (any grades), Entry Level, Foundation Diploma, NVQ Level 1, Foundation GNVQ, Basic/Essential Skills; Level 2: 5+ O Level (Passes)/CSEs (Grade 1)/GCSEs (Grades A*-C), School Certificate, 1 A Level/ 2-3 AS Levels/VCEs, Intermediate/Higher Diploma, Welsh Baccalaureate Intermediate Diploma, NVQ level 2, Intermediate GNVQ, City and Guilds Craft, BTEC First/General Diploma, RSA Diploma; Apprenticeship; Level 3: 2+ A Levels/VCEs, 4+ AS Levels, Higher School Certificate, Progression/Advanced Diploma, Welsh Baccalaureate Advanced Diploma, NVQ Level 3; Advanced GNVQ, City and Guilds Advanced Craft, ONC, OND, BTEC National, RSA Advanced Diploma; Level 4 and above: Degree (for example BA, BSc), Higher Degree (for example MA, PhD, PGCE), NVQ Level 4-5, HNC, HND, RSA Higher Diploma, BTEC Higher level, Foundation degree (NI), Professional qualifications (for example teaching, nursing, accountancy); Other qualifications: Vocational/Work-related Qualifications, Foreign Qualifications (not stated/level unknown). ",,,,,,,,,,,,,,
,,,,,,,,,,,,,,
Copyright,,,,,,,,,,,,,,
Terms and Conditions  ,,,,,,,,,,,,,,
1. All material on the Office for National Statistics (ONS) website is subject to Crown Copyright protection unless otherwise indicated.    ,,,,,,,,,,,,,,
"2. These statistics may be used, excluding logos, under the terms of the Open Government Licence.     ",,,,,,,,,,,,,,
http://www.nationalarchives.gov.uk/doc/open-government-licence/,,,,,,,,,,,,,,
,,,,,,,,,,,,,,
Source: Office for National Statistics   © Crown Copyright 2015,,,,,,,,,,,,,,
,,,,,,,,,,,,,,
Statistical Disclosure Control,,,,,,,,,,,,,,
"In order to protect against disclosure of personal information, records have been swapped between different geographic areas.",,,,,,,,,,,,,,
"Some counts will be affected, particularly small counts at the lowest geographies.",,,,,,,,,,,,,,
,,,,,,,,,,,,,,
More details on the ONS Census disclosure control strategy may be found at:,,,,,,,,,,,,,,
http://www.ons.gov.uk/ons/guide-method/census/2011/census-data/2011-census-prospectus/new-developments-for-2011-census-results/statistical-disclosure-control/index.html,,,,,,,,,,,,,,
